{
  "best_cv_ndcg10": 0.9871706075284706,
  "params": {
    "n_estimators": 132,
    "num_leaves": 56,
    "learning_rate": 0.08508074225446831,
    "min_child_samples": 7,
    "feature_fraction": 0.676005804469906,
    "bagging_fraction": 0.7096763211890255,
    "bagging_freq": 4,
    "lambda_l1": 0.0016995791974460529,
    "lambda_l2": 0.0005264368164050783
  }
}