{
  "k": 5,
  "folds": [
    {
      "ndcg_1": 1.0,
      "ndcg_3": 0.8861775469665988,
      "ndcg_5": 0.9638734584787886,
      "ndcg_10": 0.9638734584787886,
      "per_group": {
        "x86_64::callme/callme": {
          "1": 1.0,
          "3": 1.0,
          "5": 1.0,
          "10": 1.0
        },
        "x86_64::ret2win/ret2win": {
          "1": 1.0,
          "3": 0.7039,
          "5": 0.906,
          "10": 0.906
        },
        "x86_64::split/split": {
          "1": 1.0,
          "3": 0.6131,
          "5": 0.8772,
          "10": 0.8772
        },
        "x86_32::pivot32/pivot32": {
          "1": 1.0,
          "3": 1.0,
          "5": 1.0,
          "10": 1.0
        },
        "arm64::easy_pwn/02-overwrite-ret": {
          "1": 1.0,
          "3": 1.0,
          "5": 1.0,
          "10": 1.0
        },
        "x86_64::write4/write4": {
          "1": 1.0,
          "3": 1.0,
          "5": 1.0,
          "10": 1.0
        }
      },
      "val_groups": [
        "x86_64::callme/callme",
        "x86_64::ret2win/ret2win",
        "x86_64::split/split",
        "x86_32::pivot32/pivot32",
        "arm64::easy_pwn/02-overwrite-ret",
        "x86_64::write4/write4"
      ]
    },
    {
      "ndcg_1": 1.0,
      "ndcg_3": 0.9530721273977243,
      "ndcg_5": 0.9760639568235703,
      "ndcg_10": 0.989969574774648,
      "per_group": {
        "x86_32::callme32/callme32": {
          "1": 1.0,
          "3": 1.0,
          "5": 1.0,
          "10": 1.0
        },
        "x86_32::fluff32/fluff32": {
          "1": 1.0,
          "3": 1.0,
          "5": 1.0,
          "10": 1.0
        },
        "x86_32::write432/write432": {
          "1": 1.0,
          "3": 1.0,
          "5": 1.0,
          "10": 1.0
        },
        "x86_64::ret2csu/ret2csu": {
          "1": 1.0,
          "3": 0.7654,
          "5": 0.8803,
          "10": 0.9498
        },
        "arm64::easy_pwn/07-execve-rop": {
          "1": 1.0,
          "3": 1.0,
          "5": 1.0,
          "10": 1.0
        }
      },
      "val_groups": [
        "x86_32::callme32/callme32",
        "x86_32::fluff32/fluff32",
        "x86_32::write432/write432",
        "x86_64::ret2csu/ret2csu",
        "arm64::easy_pwn/07-execve-rop"
      ]
    },
    {
      "ndcg_1": 1.0,
      "ndcg_3": 0.940783617806827,
      "ndcg_5": 0.9517297759288738,
      "ndcg_10": 0.9727351044478276,
      "per_group": {
        "x86_64::state-change/chall": {
          "1": 1.0,
          "3": 0.7039,
          "5": 0.9047,
          "10": 0.9047
        },
        "arm64::bin/exploit64": {
          "1": 1.0,
          "3": 1.0,
          "5": 1.0,
          "10": 1.0
        },
        "arm64::easy_pwn/06-system-rop": {
          "1": 1.0,
          "3": 1.0,
          "5": 1.0,
          "10": 1.0
        },
        "x86_64::pivot/pivot": {
          "1": 1.0,
          "3": 1.0,
          "5": 0.8539,
          "10": 0.959
        },
        "riscv64::rop2/vuln2": {
          "1": 1.0,
          "3": 1.0,
          "5": 1.0,
          "10": 1.0
        }
      },
      "val_groups": [
        "x86_64::state-change/chall",
        "arm64::bin/exploit64",
        "arm64::easy_pwn/06-system-rop",
        "x86_64::pivot/pivot",
        "riscv64::rop2/vuln2"
      ]
    },
    {
      "ndcg_1": 1.0,
      "ndcg_3": 1.0,
      "ndcg_5": 0.9737589844975316,
      "ndcg_10": 0.962261599343376,
      "per_group": {
        "x86_64::minceraft/chall": {
          "1": 1.0,
          "3": 1.0,
          "5": 0.8688,
          "10": 0.8978
        },
        "x86_64::fluff/fluff": {
          "1": 1.0,
          "3": 1.0,
          "5": 1.0,
          "10": 1.0
        },
        "arm64::mra/mra": {
          "1": 1.0,
          "3": 1.0,
          "5": 1.0,
          "10": 1.0
        },
        "x86_32::split32/split32": {
          "1": 1.0,
          "3": 1.0,
          "5": 1.0,
          "10": 1.0
        },
        "arm64::baby_arm/pwn": {
          "1": 1.0,
          "3": 1.0,
          "5": 1.0,
          "10": 0.9135
        }
      },
      "val_groups": [
        "x86_64::minceraft/chall",
        "x86_64::fluff/fluff",
        "arm64::mra/mra",
        "x86_32::split32/split32",
        "arm64::baby_arm/pwn"
      ]
    },
    {
      "ndcg_1": 1.0,
      "ndcg_3": 1.0,
      "ndcg_5": 0.9965784163913375,
      "ndcg_10": 0.9824272642471215,
      "per_group": {
        "x86_32::badchars32/badchars32": {
          "1": 1.0,
          "3": 1.0,
          "5": 1.0,
          "10": 1.0
        },
        "x86_64::badchars/badchars": {
          "1": 1.0,
          "3": 1.0,
          "5": 0.9829,
          "10": 0.9829
        },
        "riscv64::rop/vuln": {
          "1": 1.0,
          "3": 1.0,
          "5": 1.0,
          "10": 1.0
        },
        "x86_64::juujuu/juujuu": {
          "1": 1.0,
          "3": 1.0,
          "5": 1.0,
          "10": 0.9292
        },
        "x86_32::ret2win32/ret2win32": {
          "1": 1.0,
          "3": 1.0,
          "5": 1.0,
          "10": 1.0
        }
      },
      "val_groups": [
        "x86_32::badchars32/badchars32",
        "x86_64::badchars/badchars",
        "riscv64::rop/vuln",
        "x86_64::juujuu/juujuu",
        "x86_32::ret2win32/ret2win32"
      ]
    }
  ],
  "aggregate": {
    "ndcg_1": {
      "mean": 1.0,
      "std": 0.0,
      "min": 1.0,
      "max": 1.0
    },
    "ndcg_3": {
      "mean": 0.9560066584342299,
      "std": 0.04239642779987875,
      "min": 0.8861775469665988,
      "max": 1.0
    },
    "ndcg_5": {
      "mean": 0.9724009184240204,
      "std": 0.014831232631904952,
      "min": 0.9517297759288738,
      "max": 0.9965784163913375
    },
    "ndcg_10": {
      "mean": 0.9742534002583522,
      "std": 0.01065515740506329,
      "min": 0.962261599343376,
      "max": 0.989969574774648
    }
  }
}